                  epoch,         train/box_loss,         train/cls_loss,         train/dfl_loss,   metrics/precision(B),      metrics/recall(B),       metrics/mAP50(B),    metrics/mAP50-95(B),           val/box_loss,           val/cls_loss,           val/dfl_loss,                 lr/pg0,                 lr/pg1,                 lr/pg2
                      1,                 7.0648,                 21.994,                 5.1332,                      0,                      0,                      0,                      0,                 5.1075,                 36.668,                 4.7771,                 0.0002,                 0.0002,                 0.0002
                      2,                  4.211,                 11.156,                 3.3464,                0.12249,                0.16364,                0.10771,                0.03772,                 5.4141,                 398.34,                 6.1582,             0.00041958,             0.00041958,             0.00041958
                      3,                 3.8104,                 6.4032,                 3.1523,                0.02727,                0.43636,                0.02168,                0.00508,                    nan,                    nan,                    nan,             0.00063873,             0.00063873,             0.00063873
                      4,                 4.0242,                  5.237,                 3.4315,                0.02727,                0.43636,                0.02168,                0.00508,                    nan,                    nan,                    nan,             0.00085745,             0.00085745,             0.00085745
                      5,                 4.0431,                 3.9113,                 3.4253,                0.02727,                0.43636,                0.02168,                0.00508,                    nan,                    nan,                    nan,              0.0010757,              0.0010757,              0.0010757
                      6,                 4.3172,                 4.0582,                  3.585,                0.02727,                0.43636,                0.02168,                0.00508,                    nan,                    nan,                    nan,              0.0012936,              0.0012936,              0.0012936
                      7,                 3.8942,                 3.2561,                 3.5644,                0.00079,                0.23636,                0.00053,                  7e-05,                 8.6808,                    inf,                 85.503,               0.001511,               0.001511,               0.001511
                      8,                 4.0648,                 2.9676,                  3.462,                0.00033,                0.09091,                0.00019,                  7e-05,                    nan,                    nan,                    nan,              0.0017279,              0.0017279,              0.0017279
                      9,                 3.9077,                 2.9455,                 3.6119,                0.00033,                0.09091,                0.00019,                  7e-05,                    nan,                    nan,                    nan,              0.0019445,              0.0019445,              0.0019445
                     10,                 3.8304,                 2.8497,                 3.4704,                0.00033,                0.09091,                0.00019,                  7e-05,                    nan,                    nan,                    nan,              0.0019822,              0.0019822,              0.0019822
                     11,                 3.8439,                 2.8401,                 3.6008,                 0.0094,                0.07273,                 0.0022,                0.00031,                 6.6635,                 162.54,                 6.3067,              0.0019802,              0.0019802,              0.0019802
                     12,                  3.519,                 2.8635,                 3.4539,                 0.0094,                0.07273,                 0.0022,                0.00031,                 7.6546,                 278.33,                 10.535,              0.0019782,              0.0019782,              0.0019782
                     13,                 3.4817,                 2.5065,                 3.3713,                 0.0094,                0.07273,                 0.0022,                0.00031,                    nan,                    nan,                    nan,              0.0019762,              0.0019762,              0.0019762
                     14,                 3.6181,                 2.2937,                 3.4395,                0.00025,                0.03636,                0.00012,                  2e-05,                    nan,                    nan,                    nan,              0.0019743,              0.0019743,              0.0019743
                     15,                 3.5232,                 2.0634,                 3.3702,                0.00095,                0.07273,                0.00054,                0.00026,                    nan,                    nan,                    nan,              0.0019723,              0.0019723,              0.0019723
                     16,                    3.6,                 1.9984,                 3.5236,                0.00095,                0.07273,                0.00054,                0.00026,                    nan,                    nan,                    nan,              0.0019703,              0.0019703,              0.0019703
                     17,                 3.4688,                 2.1099,                 3.3193,                0.34089,                0.09091,                0.04613,                 0.0114,                    nan,                    nan,                    nan,              0.0019683,              0.0019683,              0.0019683
                     18,                 3.4131,                 2.0813,                 3.3718,                0.78881,                0.09091,                0.11424,                0.05531,                    nan,                    nan,                    nan,              0.0019663,              0.0019663,              0.0019663
                     19,                 3.3603,                  1.981,                 3.3353,                0.05103,                    0.6,                0.03823,                0.01811,                    nan,                    nan,                    nan,              0.0019644,              0.0019644,              0.0019644
                     20,                 3.3967,                 1.8512,                 3.2478,                0.00688,                0.38182,                0.00438,                0.00214,                    nan,                    nan,                    nan,              0.0019624,              0.0019624,              0.0019624
                     21,                 3.3066,                  1.842,                 3.2573,                0.01871,                0.12727,                0.00618,                0.00266,                    nan,                    nan,                    nan,              0.0019604,              0.0019604,              0.0019604
                     22,                 3.2368,                 1.6791,                 3.2075,                0.69515,                0.54545,                 0.6334,                0.27792,                 3.9792,                  3.072,                 4.1627,              0.0019584,              0.0019584,              0.0019584
                     23,                 3.2224,                 1.7568,                 3.1294,                0.75622,                0.63636,                0.67985,                0.23389,                  4.857,                 2.4573,                  4.588,              0.0019564,              0.0019564,              0.0019564
                     24,                 3.1987,                 1.6182,                 3.2336,                0.55809,                0.55115,                0.51686,                0.26252,                 3.6977,                 3.3542,                  3.852,              0.0019545,              0.0019545,              0.0019545
                     25,                 3.2923,                 1.7443,                 3.2233,                0.61955,                0.53303,                0.53156,                0.18938,                 4.4837,                 3.6516,                 4.2778,              0.0019525,              0.0019525,              0.0019525
                     26,                 3.1187,                  1.632,                 3.2035,                0.24798,                0.14545,                0.20346,                0.08063,                 4.2106,                  6.097,                 4.2091,              0.0019505,              0.0019505,              0.0019505
                     27,                 3.0604,                  1.763,                  3.172,                 0.3669,                0.25455,                0.22984,                0.10702,                 4.4391,                 5.9131,                 4.3111,              0.0019485,              0.0019485,              0.0019485
                     28,                  2.997,                 1.5674,                 3.1216,                0.48733,                    0.4,                0.33977,                0.13208,                 4.2976,                 4.7581,                 4.4261,              0.0019465,              0.0019465,              0.0019465
                     29,                 3.0152,                 1.5833,                 3.0806,                0.54282,                0.66926,                0.60762,                0.26736,                 3.6054,                 3.5113,                 3.9585,              0.0019446,              0.0019446,              0.0019446
                     30,                 2.9698,                 1.5737,                 3.0462,                0.80693,                0.60804,                0.67108,                0.27703,                 4.2803,                 2.6757,                 4.4931,              0.0019426,              0.0019426,              0.0019426
                     31,                  2.943,                 1.4813,                  3.055,                 0.8279,                 0.6998,                0.69319,                0.28069,                 4.6022,                 2.5805,                 4.4754,              0.0019406,              0.0019406,              0.0019406
                     32,                 2.7885,                 1.4186,                 3.1093,                0.71108,                0.61818,                0.69662,                 0.2867,                  4.335,                 2.5932,                  4.426,              0.0019386,              0.0019386,              0.0019386
                     33,                 2.9239,                  1.502,                 3.0038,                 0.5014,                0.63998,                0.54236,                0.21303,                 4.4174,                 2.7372,                 4.2811,              0.0019366,              0.0019366,              0.0019366
                     34,                 2.9535,                 1.6428,                 3.0267,                 0.7649,                0.76907,                0.77781,                 0.3553,                 3.6789,                 1.8723,                 3.9056,              0.0019347,              0.0019347,              0.0019347
                     35,                 2.9229,                  1.525,                  3.024,                0.86112,                0.90196,                0.92671,                0.45506,                  3.548,                 1.6953,                 3.9137,              0.0019327,              0.0019327,              0.0019327
                     36,                   2.92,                 1.4577,                 3.0064,                0.80515,                 0.8265,                0.86338,                 0.4245,                 3.2004,                 8.8486,                 3.8351,              0.0019307,              0.0019307,              0.0019307
                     37,                 2.9465,                 1.5081,                 3.0447,                0.76768,                0.78104,                0.80241,                0.33964,                 3.7891,                 67.824,                 3.9991,              0.0019287,              0.0019287,              0.0019287
                     38,                 2.8424,                 1.4186,                 2.9442,                0.79082,                0.81818,                0.82463,                 0.4215,                 3.3164,                 21.149,                 3.9142,              0.0019267,              0.0019267,              0.0019267
                     39,                 2.9433,                  1.363,                 2.9234,                0.96768,                0.54449,                0.62011,                 0.2454,                 4.1731,                 8.0497,                 4.5436,              0.0019248,              0.0019248,              0.0019248
                     40,                 2.9287,                 1.3216,                 2.9677,                0.85378,                0.74545,                0.79937,                0.39628,                 3.3146,                 2.3399,                 4.0351,              0.0019228,              0.0019228,              0.0019228
                     41,                 2.8916,                 1.3614,                 2.9045,                0.86559,                0.63636,                 0.7986,                0.37996,                 3.4988,                  2.217,                 4.0285,              0.0019208,              0.0019208,              0.0019208
                     42,                  2.846,                  1.378,                 2.9739,                0.61121,                0.72727,                0.66142,                  0.343,                 3.3195,                  3.175,                 3.7644,              0.0019188,              0.0019188,              0.0019188
                     43,                 2.8038,                 1.3732,                 2.9653,                0.72665,                0.89091,                0.82646,                0.40629,                 3.2463,                 1.6631,                 3.9171,              0.0019168,              0.0019168,              0.0019168
                     44,                  2.738,                 1.2124,                  2.916,                 0.8823,                 0.9541,                0.96293,                0.50114,                  3.065,                 1.2543,                 3.6725,              0.0019149,              0.0019149,              0.0019149
                     45,                 2.8116,                 1.3138,                 2.9924,                0.93143,                0.87273,                0.95473,                0.49605,                 3.3244,                  1.358,                 3.7817,              0.0019129,              0.0019129,              0.0019129
                     46,                  2.788,                 1.3754,                 2.8879,                0.94338,                 0.9088,                0.96146,                 0.4814,                 3.0662,                  1.291,                 3.8344,              0.0019109,              0.0019109,              0.0019109
                     47,                 2.6485,                  1.204,                 2.8879,                0.90213,                0.83797,                0.91948,                0.43215,                 3.4684,                 1.6892,                 3.9069,              0.0019089,              0.0019089,              0.0019089
                     48,                 2.7126,                 1.2109,                 2.8483,                 0.7859,                0.72727,                0.78592,                  0.392,                 3.5074,                 2.0445,                 3.8838,              0.0019069,              0.0019069,              0.0019069
                     49,                 2.8317,                 1.2038,                 2.9548,                0.98362,                0.72727,                0.85461,                0.40448,                  3.492,                 2.2696,                 3.9461,               0.001905,               0.001905,               0.001905
                     50,                  2.818,                 1.3372,                  2.837,                0.97769,                0.79688,                 0.8833,                0.49328,                 3.1166,                 1.5625,                 3.7244,               0.001903,               0.001903,               0.001903
                     51,                  2.831,                 1.2986,                 2.8588,                0.94062,                0.86406,                 0.9374,                0.46002,                 3.4348,                 1.3076,                 3.9366,               0.001901,               0.001901,               0.001901
                     52,                 2.6321,                 1.1258,                 2.7684,                0.83462,                0.87273,                 0.8673,                0.40608,                  3.514,                 1.6275,                 3.9533,               0.001899,               0.001899,               0.001899
                     53,                 2.7029,                 1.1132,                 2.8759,                0.92614,                  0.912,                0.97424,                0.51578,                 3.0865,                 1.3667,                 3.6952,               0.001897,               0.001897,               0.001897
                     54,                 2.7613,                 1.3418,                 2.8651,                0.86069,                0.89873,                0.91757,                0.47313,                 3.2864,                 1.3565,                  3.796,              0.0018951,              0.0018951,              0.0018951
                     55,                 2.6656,                 1.1534,                 2.8066,                0.88665,                0.85332,                0.92283,                0.48425,                 3.2938,                 1.3834,                 3.8584,              0.0018931,              0.0018931,              0.0018931
                     56,                  2.573,                 1.0997,                 2.7614,                0.93951,                0.84731,                0.90064,                0.44962,                  3.554,                 1.7318,                 4.0936,              0.0018911,              0.0018911,              0.0018911
                     57,                 2.4699,                 1.0849,                 2.7486,                0.95492,                0.81818,                0.92213,                0.43827,                 3.6423,                 1.4946,                 4.1228,              0.0018891,              0.0018891,              0.0018891
                     58,                 2.6794,                 1.2728,                 2.8642,                0.91673,                0.80072,                0.87245,                0.46555,                 3.1587,                 1.6788,                  3.784,              0.0018871,              0.0018871,              0.0018871
                     59,                 2.5915,                 1.1932,                  2.811,                0.86733,                0.83207,                0.87493,                0.50018,                 2.9403,                 1.6163,                 3.6716,              0.0018852,              0.0018852,              0.0018852
                     60,                 2.7246,                 1.1842,                 2.8959,                0.84737,                0.90909,                0.93545,                0.54447,                 3.0076,                  1.262,                 3.7154,              0.0018832,              0.0018832,              0.0018832
                     61,                 2.7729,                 1.1836,                  2.847,                0.72713,                0.81818,                0.86371,                0.48071,                 3.1883,                 1.6144,                 3.8091,              0.0018812,              0.0018812,              0.0018812
                     62,                 2.7216,                 1.2039,                 2.8497,                0.86564,                0.87273,                0.91023,                0.42389,                 3.5164,                 1.8515,                 3.7277,              0.0018792,              0.0018792,              0.0018792
                     63,                 2.6332,                 1.1079,                 2.7965,                0.65362,                0.78182,                0.73806,                0.35003,                 3.3753,                 2.2917,                 4.0038,              0.0018772,              0.0018772,              0.0018772
                     64,                 2.6774,                 1.2425,                 2.8461,                0.65953,                0.74545,                0.76773,                0.38644,                 3.3881,                 1.8941,                 3.9997,              0.0018753,              0.0018753,              0.0018753
                     65,                 2.5658,                 1.1244,                 2.7887,                0.88682,                0.85479,                0.90527,                0.43695,                 3.5835,                 1.4238,                 4.3549,              0.0018733,              0.0018733,              0.0018733
                     66,                 2.5332,                 1.1278,                 2.7464,                0.91525,                0.81818,                 0.8786,                0.27879,                 4.6652,                 1.5549,                 4.5079,              0.0018713,              0.0018713,              0.0018713
                     67,                 2.7484,                  1.213,                 2.7763,                0.86791,                0.89091,                0.93031,                0.38664,                 4.0096,                 1.6725,                 4.1488,              0.0018693,              0.0018693,              0.0018693
                     68,                 2.6719,                 1.1585,                 2.8122,                0.88826,                0.87273,                0.93044,                0.50094,                 3.4251,                 1.3418,                 3.9401,              0.0018673,              0.0018673,              0.0018673
                     69,                 2.7411,                 1.2206,                 2.7839,                0.95768,                0.89091,                 0.9466,                0.50688,                 3.2369,                 1.2334,                 3.9716,              0.0018654,              0.0018654,              0.0018654
                     70,                 2.7826,                 1.2658,                 2.8645,                0.93977,                0.85455,                0.90739,                0.44065,                 3.4154,                 1.5852,                 4.0975,              0.0018634,              0.0018634,              0.0018634
                     71,                 2.5941,                 1.2175,                  2.725,                0.88711,                0.78182,                0.83959,                0.45852,                 3.1342,                 1.8369,                 3.6752,              0.0018614,              0.0018614,              0.0018614
                     72,                 2.5562,                 1.1893,                 2.7753,                0.89563,                0.78017,                0.84761,                 0.4418,                 3.2087,                 2.0446,                  3.808,              0.0018594,              0.0018594,              0.0018594
                     73,                  2.689,                 1.1671,                 2.8143,                0.68568,                0.67273,                0.72266,                0.37855,                  3.385,                 3.1516,                 3.8706,              0.0018574,              0.0018574,              0.0018574
                     74,                 2.5617,                 1.1479,                 2.8019,                0.82915,                0.74545,                0.79654,                0.37957,                 3.5938,                 2.7559,                 4.0229,              0.0018555,              0.0018555,              0.0018555
                     75,                 2.5852,                   1.13,                 2.7746,                0.86888,                0.84344,                0.89407,                0.45433,                 3.1842,                 1.7804,                 3.8742,              0.0018535,              0.0018535,              0.0018535
                     76,                  2.484,                 1.0793,                 2.7341,                0.76004,                0.76364,                0.87532,                0.45429,                   3.18,                 1.7797,                 3.8414,              0.0018515,              0.0018515,              0.0018515
                     77,                 2.6359,                 1.1286,                 2.6581,                 0.8473,                0.90909,                0.93706,                0.45622,                 3.2957,                 1.5628,                 4.0722,              0.0018495,              0.0018495,              0.0018495
                     78,                 2.5538,                 1.1837,                 2.8925,                0.89354,                0.91568,                0.96171,                0.49763,                 3.3298,                 1.5282,                 3.9638,              0.0018475,              0.0018475,              0.0018475
                     79,                 2.6423,                 1.2006,                 2.7757,                0.90865,                0.90435,                0.96215,                0.45754,                 3.5227,                 1.4679,                  3.978,              0.0018456,              0.0018456,              0.0018456
                     80,                 2.4268,                  1.119,                 2.7045,                0.73175,                0.90909,                0.90548,                0.52457,                 3.0149,                 1.4292,                 3.9251,              0.0018436,              0.0018436,              0.0018436
                     81,                 2.5012,                 1.1672,                 2.7154,                0.88652,                    0.8,                0.94188,                0.49794,                 3.1252,                 1.3103,                 3.8882,              0.0018416,              0.0018416,              0.0018416
                     82,                 2.4859,                   1.14,                  2.733,                0.91802,                    0.8,                0.93228,                0.50167,                 3.0005,                 1.3938,                 3.6231,              0.0018396,              0.0018396,              0.0018396
                     83,                 2.5719,                 1.0897,                 2.8541,                0.95424,                0.92727,                0.95625,                0.48832,                 3.4107,                  1.197,                 4.1043,              0.0018376,              0.0018376,              0.0018376
                     84,                 2.4499,                 1.0156,                 2.7264,                 0.9292,                0.87273,                0.95323,                 0.5373,                 3.0737,                 1.2067,                 3.8197,              0.0018357,              0.0018357,              0.0018357
                     85,                 2.4527,                 1.1828,                 2.6795,                0.89462,                0.83636,                0.93849,                0.49313,                 3.4243,                 1.4562,                 4.1422,              0.0018337,              0.0018337,              0.0018337
                     86,                 2.4168,                 1.0682,                  2.641,                0.95805,                0.83061,                0.92659,                0.53194,                 3.0593,                 1.6061,                 3.6807,              0.0018317,              0.0018317,              0.0018317
                     87,                 2.5586,                 1.1336,                 2.7738,                0.96559,                0.90909,                0.92353,                0.54349,                 3.0777,                 1.3426,                 3.8497,              0.0018297,              0.0018297,              0.0018297
                     88,                 2.4621,                 1.1036,                 2.6723,                0.94988,                0.85455,                0.91258,                0.51099,                 3.1852,                 1.3271,                 3.8321,              0.0018277,              0.0018277,              0.0018277
                     89,                 2.4508,                 1.1019,                 2.7676,                0.83101,                0.92727,                0.92933,                0.50541,                 3.1098,                 1.2075,                 3.6714,              0.0018258,              0.0018258,              0.0018258
                     90,                 2.4491,                 1.0254,                 2.6232,                0.92275,                0.86875,                 0.9489,                0.56025,                 3.0811,                 1.1067,                 3.6496,              0.0018238,              0.0018238,              0.0018238
                     91,                 2.3665,                0.99684,                 2.6519,                0.89083,                0.89023,                0.95037,                0.48867,                 3.3579,                    1.4,                 3.7011,              0.0018218,              0.0018218,              0.0018218
                     92,                 2.4053,                 1.0873,                 2.6948,                0.93551,                0.87273,                0.94667,                0.50518,                 3.2729,                 1.5443,                 3.6487,              0.0018198,              0.0018198,              0.0018198
                     93,                 2.5767,                 1.1242,                 2.7335,                 0.8746,                0.94545,                0.93998,                0.46043,                 3.5693,                 1.6641,                 3.6431,              0.0018178,              0.0018178,              0.0018178
                     94,                 2.5592,                 1.1083,                  2.689,                 0.8761,                0.85455,                0.92973,                0.49239,                 3.1123,                 1.6508,                 3.5858,              0.0018159,              0.0018159,              0.0018159
                     95,                 2.5715,                 1.1283,                 2.6914,                0.86155,                0.85455,                0.91007,                0.42566,                 3.6204,                 2.0463,                 3.9969,              0.0018139,              0.0018139,              0.0018139
                     96,                 2.5749,                 1.0788,                 2.6543,                0.83456,                0.82553,                0.89008,                0.44676,                  3.257,                 1.7723,                 3.8541,              0.0018119,              0.0018119,              0.0018119
                     97,                 2.5631,                 1.1072,                  2.707,                0.75912,                0.91685,                0.89689,                0.45974,                 3.1732,                 1.7305,                 3.8573,              0.0018099,              0.0018099,              0.0018099
                     98,                 2.4841,                 1.0607,                 2.6931,                0.83366,                0.82011,                0.85963,                 0.4925,                 3.0923,                 1.5244,                 3.7845,              0.0018079,              0.0018079,              0.0018079
                     99,                  2.565,                 1.1359,                 2.6919,                0.97015,                0.87273,                0.96675,                0.59944,                 2.6859,                  1.137,                 3.3857,               0.001806,               0.001806,               0.001806
                    100,                 2.3357,                 1.0364,                 2.6043,                0.94704,                0.97541,                0.99108,                 0.5737,                 2.9951,                 1.0199,                 3.5772,               0.001804,               0.001804,               0.001804
                    101,                 2.4298,                 1.0284,                 2.5519,                0.95685,                0.90909,                0.96156,                0.56026,                 3.0362,                 1.0241,                 3.5151,               0.001802,               0.001802,               0.001802
                    102,                 2.3906,                 1.0322,                  2.622,                0.83581,                0.92727,                 0.9248,                0.52972,                 3.0673,                 1.3516,                 3.8618,                 0.0018,                 0.0018,                 0.0018
                    103,                 2.4796,                 1.1508,                 2.7024,                0.93683,                0.87273,                0.93448,                0.46957,                 3.4175,                 1.3226,                    3.9,               0.001798,               0.001798,               0.001798
                    104,                 2.4531,                 1.0415,                 2.6871,                0.94096,                0.86942,                0.94601,                0.53638,                 3.1782,                 1.1021,                 3.8355,              0.0017961,              0.0017961,              0.0017961
                    105,                 2.6351,                 1.0656,                  2.673,                0.87755,                0.90909,                 0.9457,                0.58711,                 3.0284,                   1.05,                 3.6834,              0.0017941,              0.0017941,              0.0017941
                    106,                 2.2502,                  1.012,                  2.523,                0.95752,                0.81976,                0.91117,                 0.5251,                 3.0541,                  1.423,                  3.794,              0.0017921,              0.0017921,              0.0017921
                    107,                 2.4539,                 1.0604,                 2.7075,                0.87097,                0.90909,                0.94062,                0.55354,                 3.0438,                 1.2387,                 3.8348,              0.0017901,              0.0017901,              0.0017901
                    108,                 2.3692,                 1.0754,                 2.6313,                0.96229,                0.92794,                0.97971,                0.54643,                 3.0692,                 1.0248,                 3.8322,              0.0017881,              0.0017881,              0.0017881
                    109,                 2.6052,                 1.0524,                 2.7562,                0.90618,                0.94545,                0.96619,                0.46762,                 3.4465,                 1.1769,                 4.1075,              0.0017862,              0.0017862,              0.0017862
                    110,                 2.4306,                 1.0275,                 2.6763,                0.97646,                0.85455,                0.95266,                0.55347,                 3.0123,                 1.1822,                 3.8645,              0.0017842,              0.0017842,              0.0017842
                    111,                 2.3091,                0.99746,                 2.5328,                0.94482,                0.85455,                0.93164,                0.45949,                 3.4443,                 1.5466,                 3.7654,              0.0017822,              0.0017822,              0.0017822
                    112,                 2.4766,                 1.0314,                 2.5928,                0.88762,                0.83636,                0.92258,                0.51668,                  3.181,                  1.256,                 3.8003,              0.0017802,              0.0017802,              0.0017802
                    113,                 2.2695,                0.95929,                 2.5345,                0.97861,                0.83196,                0.93182,                0.50091,                 3.3795,                 1.3208,                 3.8927,              0.0017782,              0.0017782,              0.0017782
                    114,                 2.2892,                0.99194,                 2.5606,                0.97763,                0.90909,                0.95198,                0.50726,                  3.309,                 1.3301,                 3.7877,              0.0017763,              0.0017763,              0.0017763
                    115,                 2.2539,                 1.0003,                 2.4867,                0.98031,                0.81818,                0.95633,                0.50402,                  3.427,                 1.4536,                  3.789,              0.0017743,              0.0017743,              0.0017743
                    116,                 2.2535,                0.92603,                 2.5715,                0.92086,                0.96364,                0.97682,                0.47109,                 3.5214,                 1.2054,                 4.0732,              0.0017723,              0.0017723,              0.0017723
                    117,                 2.4297,                 1.0111,                 2.6795,                0.89218,                0.83636,                0.93123,                0.41797,                 3.7263,                 1.3407,                 4.0913,              0.0017703,              0.0017703,              0.0017703
                    118,                 2.3524,                0.98207,                 2.6183,                0.81889,                0.83636,                0.82444,                0.39952,                 3.5891,                 1.8122,                 4.1375,              0.0017683,              0.0017683,              0.0017683
                    119,                 2.3857,                  1.039,                 2.6552,                0.93665,                0.80653,                0.90942,                0.50622,                 3.0994,                 1.5679,                 3.8412,              0.0017664,              0.0017664,              0.0017664
                    120,                   2.31,                 1.1016,                 2.5194,                0.89191,                0.94545,                 0.9736,                0.54527,                 3.1629,                 1.3022,                 3.9441,              0.0017644,              0.0017644,              0.0017644
                    121,                 2.3544,                 1.0695,                 2.5422,                0.85923,                0.88789,                0.92002,                 0.5221,                 3.0365,                 1.4945,                 3.8846,              0.0017624,              0.0017624,              0.0017624
                    122,                  2.315,                 1.0282,                 2.6225,                0.88928,                0.96364,                0.97154,                0.54834,                 2.9931,                 1.1917,                 3.7354,              0.0017604,              0.0017604,              0.0017604
                    123,                 2.3311,                0.93504,                 2.4918,                0.91105,                0.93117,                  0.976,                0.54329,                 2.9959,                 1.1277,                 3.7245,              0.0017584,              0.0017584,              0.0017584
                    124,                 2.2928,                 1.0028,                 2.6007,                0.90233,                0.89091,                0.93737,                0.51829,                 3.2965,                 1.2761,                 3.8526,              0.0017565,              0.0017565,              0.0017565
                    125,                  2.358,                 1.0369,                 2.5853,                0.91081,                0.85455,                0.91872,                0.52802,                 2.9884,                 1.5924,                 3.7832,              0.0017545,              0.0017545,              0.0017545
                    126,                 2.3048,                  1.021,                 2.5562,                0.86198,                0.89091,                0.94309,                0.46572,                  3.458,                 1.2275,                 4.0708,              0.0017525,              0.0017525,              0.0017525
                    127,                 2.1482,                0.89696,                 2.4423,                0.92551,                0.90372,                0.97173,                0.54696,                 2.9745,                 1.2524,                 3.8007,              0.0017505,              0.0017505,              0.0017505
                    128,                   2.29,                0.99796,                 2.5714,                0.93968,                0.94545,                0.96434,                0.52423,                 3.1795,                  1.238,                 3.7406,              0.0017485,              0.0017485,              0.0017485
                    129,                 2.2883,                0.92373,                 2.5805,                0.87016,                0.97487,                0.97761,                0.57558,                 2.9713,                  1.199,                 3.7994,              0.0017466,              0.0017466,              0.0017466
                    130,                  2.335,                0.96496,                 2.6349,                0.85489,                0.83636,                0.93994,                0.46434,                 3.3781,                 1.2998,                 3.9846,              0.0017446,              0.0017446,              0.0017446
                    131,                 2.2521,                0.93527,                 2.5485,                0.92475,                0.92727,                0.96468,                0.48328,                 3.2878,                 1.3116,                 3.9398,              0.0017426,              0.0017426,              0.0017426
                    132,                 2.2805,                0.96636,                 2.5914,                0.88578,                0.85455,                    0.9,                0.47872,                 3.1194,                  1.414,                 3.9022,              0.0017406,              0.0017406,              0.0017406
                    133,                 2.2441,                0.93757,                 2.5755,                0.85995,                0.85455,                0.88571,                0.45675,                 3.4051,                  1.837,                 3.9211,              0.0017386,              0.0017386,              0.0017386
                    134,                 2.2709,                0.99142,                 2.5838,                0.66667,                    0.8,                0.79493,                0.46158,                 2.9593,                 2.2358,                  3.696,              0.0017367,              0.0017367,              0.0017367
                    135,                 2.2438,                 1.0171,                 2.4674,                0.77944,                0.81818,                0.87726,                 0.5025,                 3.1518,                  2.258,                 3.8137,              0.0017347,              0.0017347,              0.0017347
                    136,                 2.0388,                0.88378,                 2.4423,                0.72395,                0.96364,                0.90173,                0.49497,                 2.8548,                 1.6401,                 3.7349,              0.0017327,              0.0017327,              0.0017327
                    137,                 2.1189,                 0.8577,                 2.4548,                0.83267,                0.94545,                0.94976,                0.51401,                 3.1086,                 1.2454,                   3.92,              0.0017307,              0.0017307,              0.0017307
                    138,                 2.1233,                0.92783,                 2.4516,                0.78042,                0.90472,                0.88796,                0.51272,                 3.0311,                 1.3317,                 3.8136,              0.0017287,              0.0017287,              0.0017287
                    139,                 2.2618,                0.95373,                 2.5015,                0.84911,                0.92092,                0.92049,                0.54005,                 3.1481,                 1.3054,                 3.9236,              0.0017268,              0.0017268,              0.0017268
                    140,                 2.2138,                0.90453,                 2.4455,                0.86274,                0.85455,                0.89686,                0.53019,                 2.9568,                  1.488,                 3.7331,              0.0017248,              0.0017248,              0.0017248
                    141,                 2.2117,                0.91534,                 2.6065,                0.88696,                0.89091,                0.91226,                0.49368,                 3.1854,                 1.4856,                 3.8863,              0.0017228,              0.0017228,              0.0017228
                    142,                 2.1561,                0.96909,                 2.5229,                0.97025,                0.89091,                0.95022,                0.47143,                 3.4776,                 1.4507,                 4.0242,              0.0017208,              0.0017208,              0.0017208
                    143,                   2.27,                0.95305,                 2.5083,                0.75443,                0.89377,                0.91348,                 0.4643,                 3.2699,                 1.5562,                 3.8742,              0.0017188,              0.0017188,              0.0017188
                    144,                 2.1614,                0.86829,                 2.4962,                 0.9053,                    0.8,                0.93864,                0.50751,                 3.1798,                 1.3873,                 4.1657,              0.0017169,              0.0017169,              0.0017169
                    145,                 2.3414,                0.98829,                 2.4894,                0.87281,                0.85455,                0.95241,                0.51185,                 3.2771,                 1.5568,                 4.0761,              0.0017149,              0.0017149,              0.0017149
                    146,                 2.2132,                0.98338,                 2.5149,                0.82109,                0.96364,                0.94954,                0.50337,                 3.1223,                 1.5957,                 3.9183,              0.0017129,              0.0017129,              0.0017129
                    147,                 2.1588,                0.97757,                 2.5179,                0.85729,                0.87378,                0.93336,                0.43314,                 3.5193,                 1.5238,                 4.1421,              0.0017109,              0.0017109,              0.0017109
                    148,                 2.0942,                0.85759,                 2.3956,                0.92311,                0.94545,                0.97171,                0.51581,                 3.1241,                 1.1829,                 3.9531,              0.0017089,              0.0017089,              0.0017089
                    149,                 2.2089,                0.91346,                 2.5094,                0.96134,                0.90429,                0.95877,                0.52781,                 3.1727,                 1.1963,                 3.9415,               0.001707,               0.001707,               0.001707
                    150,                 2.0259,                0.83218,                 2.3577,                 0.9799,                0.81818,                0.96223,                0.52065,                 3.2883,                  1.217,                 4.0431,               0.001705,               0.001705,               0.001705
                    151,                 2.2309,                 0.9324,                 2.4993,                 0.9497,                0.94545,                0.96599,                0.44782,                 3.7282,                 1.2117,                 4.2671,               0.001703,               0.001703,               0.001703
                    152,                 2.1944,                0.95996,                 2.4374,                0.85806,                0.78182,                0.84876,                 0.4481,                 3.5362,                 1.7701,                 4.1621,               0.001701,               0.001701,               0.001701
                    153,                   2.17,                0.92494,                 2.4412,                0.91034,                0.92306,                0.97842,                0.49333,                 3.5024,                 1.2398,                 4.1858,               0.001699,               0.001699,               0.001699
                    154,                 2.1057,                0.94584,                  2.391,                0.89785,                0.95895,                0.95151,                0.51647,                 3.1133,                 1.3255,                 3.9757,              0.0016971,              0.0016971,              0.0016971
                    155,                 2.1635,                0.86644,                  2.446,                0.88248,                0.90909,                0.92653,                0.45915,                 3.3754,                 1.4223,                 4.0136,              0.0016951,              0.0016951,              0.0016951
                    156,                 2.2149,                 0.9511,                 2.3649,                0.91214,                0.92727,                0.95575,                0.54547,                 3.0394,                 1.1255,                 3.9525,              0.0016931,              0.0016931,              0.0016931
                    157,                 2.1949,                0.96678,                 2.4412,                0.80428,                    0.8,                0.86267,                 0.4363,                 3.6349,                  1.621,                 4.3523,              0.0016911,              0.0016911,              0.0016911
                    158,                 2.1596,                0.90283,                 2.4495,                0.76078,                    0.8,                0.87367,                0.45886,                 3.2994,                  2.009,                 4.2483,              0.0016891,              0.0016891,              0.0016891
                    159,                 2.1636,                0.94586,                 2.4177,                0.69559,                0.92727,                 0.8988,                0.45254,                 3.3412,                 1.7651,                  4.457,              0.0016872,              0.0016872,              0.0016872
                    160,                 2.1581,                0.92398,                 2.4232,                0.78026,                0.76364,                0.86713,                0.43152,                 3.5289,                 1.7165,                 4.2745,              0.0016852,              0.0016852,              0.0016852
                    161,                 2.0804,                0.86511,                  2.412,                0.82122,                0.83636,                0.89916,                0.48438,                 3.1314,                 1.5279,                 3.9543,              0.0016832,              0.0016832,              0.0016832
                    162,                 2.0224,                0.90039,                 2.4355,                0.90672,                0.88375,                0.92421,                0.43638,                 3.4825,                 1.6172,                  4.156,              0.0016812,              0.0016812,              0.0016812
                    163,                 2.1643,                0.90578,                 2.4558,                0.91525,                0.81818,                0.88611,                0.46423,                 3.1987,                 1.6562,                 4.0051,              0.0016792,              0.0016792,              0.0016792
                    164,                 2.2101,                0.88147,                 2.4294,                0.95914,                0.85353,                0.95107,                 0.5154,                 3.1645,                 1.2655,                 4.0522,              0.0016773,              0.0016773,              0.0016773
                    165,                 2.0595,                0.83357,                 2.3686,                0.98122,                0.95016,                0.98978,                 0.5581,                 3.0979,                  1.124,                 3.8939,              0.0016753,              0.0016753,              0.0016753
                    166,                 2.0265,                0.85838,                  2.352,                0.92708,                0.92462,                0.97358,                0.51153,                 3.3692,                 1.1427,                 3.9983,              0.0016733,              0.0016733,              0.0016733
                    167,                 2.0511,                0.96793,                 2.3866,                0.91053,                0.92524,                0.97123,                0.53941,                 3.2884,                 1.1676,                   4.22,              0.0016713,              0.0016713,              0.0016713
                    168,                 2.0038,                0.85724,                 2.4039,                0.95398,                0.92727,                0.95006,                0.46441,                  3.673,                 1.2824,                 4.3343,              0.0016693,              0.0016693,              0.0016693
                    169,                 2.1148,                0.90181,                 2.3472,                0.84983,                0.92604,                0.93555,                0.48096,                 3.4283,                 1.2446,                 4.2281,              0.0016674,              0.0016674,              0.0016674
                    170,                 1.9731,                0.85515,                  2.394,                0.87047,                0.85531,                0.91086,                0.48364,                 3.2209,                  1.376,                 4.2302,              0.0016654,              0.0016654,              0.0016654
                    171,                 2.1199,                0.93523,                 2.4492,                0.89107,                0.87273,                0.91078,                0.50935,                  3.169,                 1.3393,                 3.9156,              0.0016634,              0.0016634,              0.0016634
                    172,                 2.0613,                0.87272,                 2.3662,                0.90904,                    0.8,                0.88555,                0.49528,                 3.2195,                 1.5094,                 3.9637,              0.0016614,              0.0016614,              0.0016614
                    173,                 1.9558,                0.93105,                 2.2813,                0.99577,                0.90909,                0.96642,                 0.5372,                 3.1347,                 1.2607,                 4.0283,              0.0016594,              0.0016594,              0.0016594
                    174,                 1.9851,                0.86703,                 2.3153,                0.95889,                0.84825,                0.94695,                0.52959,                 3.0737,                 1.2973,                 3.9914,              0.0016575,              0.0016575,              0.0016575
                    175,                 2.0234,                0.91557,                 2.3058,                0.89841,                    0.8,                0.89451,                0.45382,                 3.4778,                 1.9291,                 4.1712,              0.0016555,              0.0016555,              0.0016555
                    176,                 2.1179,                0.95315,                 2.3609,                0.81848,                0.94545,                0.93801,                0.45396,                 3.4183,                 1.4823,                 4.0504,              0.0016535,              0.0016535,              0.0016535
                    177,                 1.9885,                0.86831,                 2.2962,                0.91929,                0.89091,                 0.9655,                0.45267,                 3.4593,                 1.2822,                 4.1452,              0.0016515,              0.0016515,              0.0016515
                    178,                 1.9605,                0.83813,                 2.2908,                0.89651,                0.94502,                0.95857,                0.51801,                 3.0927,                 1.1105,                 4.0022,              0.0016495,              0.0016495,              0.0016495
                    179,                 1.9095,                0.82412,                 2.2336,                0.84739,                0.96364,                0.97344,                0.53283,                 3.1314,                 1.1219,                 4.0415,              0.0016476,              0.0016476,              0.0016476
                    180,                 1.8656,                0.80201,                 2.1814,                0.96039,                0.90909,                0.98381,                0.57454,                 3.0314,                 1.0966,                 4.0025,              0.0016456,              0.0016456,              0.0016456
                    181,                 1.8562,                0.79711,                 2.2683,                0.90913,                 0.9095,                0.98016,                0.54308,                 3.1414,                 1.1606,                   4.16,              0.0016436,              0.0016436,              0.0016436
                    182,                 2.0236,                0.90472,                 2.2903,                 0.9636,                0.96277,                0.98805,                0.54574,                 3.1298,                 1.1312,                 4.1071,              0.0016416,              0.0016416,              0.0016416
                    183,                 1.9444,                0.89464,                 2.2823,                0.92931,                0.95614,                0.97053,                0.48019,                 3.6033,                 1.1982,                 4.4026,              0.0016396,              0.0016396,              0.0016396
                    184,                 1.9271,                0.84466,                 2.3163,                0.87444,                0.88646,                0.92879,                0.49458,                 3.5047,                 1.2641,                 4.3995,              0.0016377,              0.0016377,              0.0016377
                    185,                 1.8989,                0.87033,                 2.2628,                0.91822,                0.92727,                0.97252,                0.47936,                 3.6144,                 1.2557,                 4.4492,              0.0016357,              0.0016357,              0.0016357
                    186,                  1.986,                0.89165,                 2.2746,                0.94358,                0.91234,                0.96608,                 0.4849,                 3.4482,                 1.2704,                 4.5767,              0.0016337,              0.0016337,              0.0016337
                    187,                 2.0211,                 0.8448,                 2.3779,                0.91447,                0.89091,                0.94614,                0.44135,                 3.7998,                  1.301,                 4.7211,              0.0016317,              0.0016317,              0.0016317
                    188,                 2.0281,                0.92838,                 2.3362,                0.95621,                0.90909,                0.96293,                0.54276,                  3.191,                 1.0518,                 4.3837,              0.0016297,              0.0016297,              0.0016297
                    189,                 2.1149,                0.84646,                 2.3077,                0.89138,                0.92727,                 0.9405,                0.54884,                 3.0633,                 1.0486,                 4.2539,              0.0016278,              0.0016278,              0.0016278
                    190,                 2.0556,                0.92108,                 2.3173,                0.89458,                0.87273,                0.92284,                0.47265,                 3.4918,                 1.1844,                 4.3568,              0.0016258,              0.0016258,              0.0016258
                    191,                 1.8865,                0.87107,                 2.2311,                 0.9128,                0.96364,                0.97622,                0.55365,                 3.0703,                 0.9763,                 4.1105,              0.0016238,              0.0016238,              0.0016238
                    192,                 2.0424,                0.87224,                 2.2333,                0.91367,                0.94545,                0.97644,                0.47934,                 3.5815,                 1.1594,                 4.6363,              0.0016218,              0.0016218,              0.0016218
                    193,                 1.9304,                0.81747,                 2.2277,                0.89808,                0.96127,                0.97197,                0.50854,                 3.3251,                 1.1473,                 4.3901,              0.0016198,              0.0016198,              0.0016198
                    194,                  1.972,                0.85919,                 2.2417,                0.92971,                      1,                0.99055,                0.52867,                 3.1516,                 1.0441,                 4.0929,              0.0016179,              0.0016179,              0.0016179
                    195,                 1.9867,                0.90119,                 2.2673,                0.86717,                0.98182,                0.97576,                0.50529,                 3.2447,                 1.2204,                 4.1603,              0.0016159,              0.0016159,              0.0016159
                    196,                 1.9049,                0.81178,                 2.2492,                0.92658,                0.90909,                0.97893,                0.50707,                 3.2532,                 1.1565,                 4.1609,              0.0016139,              0.0016139,              0.0016139
                    197,                 1.8032,                0.79076,                 2.1867,                0.96196,                 0.9196,                0.97858,                0.48195,                 3.4632,                 1.1753,                 4.3322,              0.0016119,              0.0016119,              0.0016119
                    198,                 1.8253,                0.82766,                 2.2142,                 0.9453,                0.94259,                0.98586,                0.51081,                 3.3049,                 1.1785,                 4.1481,              0.0016099,              0.0016099,              0.0016099
                    199,                 1.8363,                0.84209,                 2.2578,                0.94712,                0.97705,                0.99148,                0.51612,                 3.2759,                  1.036,                 4.2674,               0.001608,               0.001608,               0.001608
